State,LGA,Name,Population,Longitude,Latitude
New South Wales,10050,Albury,58317,146.9705259,-36.0265388
New South Wales,10180,Armidale,29646,151.8991113,-30.36738262
New South Wales,10250,Ballina,47935,153.4861571,-28.85287486
New South Wales,10300,Balranald,2219,143.611624,-33.95033967
New South Wales,10470,Bathurst,44939,149.5256394,-33.43012601
New South Wales,10500,Bayside NSW,185880,151.1671204,-33.94951567
New South Wales,10550,Bega Valley,36593,149.7175934,-36.82590196
New South Wales,10600,Bellingen,13278,152.7285963,-30.40378978
New South Wales,10650,Berrigan,8666,145.7111803,-35.73431263
New South Wales,10750,Blacktown,438843,150.8640934,-33.74093136
New South Wales,10800,Bland,5454,146.9612733,-33.89433076
New South Wales,10850,Blayney,7767,149.1420646,-33.59431751
New South Wales,10900,Blue Mountains,78891,150.4111468,-33.69753161
New South Wales,10950,Bogan,2407,146.8668791,-31.53811599
New South Wales,11150,Bourke,2349,145.3568129,-29.91058062
New South Wales,11200,Brewarrina,1408,146.9608837,-29.79158958
New South Wales,11250,Broken Hill,17541,141.4792749,-31.9440223
New South Wales,11300,Burwood,43346,151.1031574,-33.88367353
New South Wales,11350,Byron,37826,153.4825111,-28.6041541
New South Wales,11400,Cabonne,13897,148.7541069,-33.15298481
New South Wales,11450,Camden,141133,150.7241994,-34.00883083
New South Wales,11500,Campbelltown NSW,188303,150.8458632,-34.08341201
New South Wales,11520,Canada Bay,92255,151.1148308,-33.85348528
New South Wales,11570,Canterbury-Bankstown,385242,151.0373257,-33.92349502
New South Wales,11600,Carrathool,2767,145.4964314,-33.60897966
New South Wales,11650,Central Coast NSW,354803,151.2854883,-33.30797388
New South Wales,11700,Central Darling,1767,143.5896984,-31.85068476
New South Wales,11720,Cessnock,69352,151.2249055,-32.92505545
New South Wales,11730,Clarence Valley,56037,152.7511578,-29.68172552
New South Wales,11750,Cobar,4015,145.4828568,-31.86796818
New South Wales,11800,Coffs Harbour,81248,153.0398402,-30.1890261
New South Wales,12000,Coolamon,4613,147.1048388,-34.63251852
New South Wales,12150,Coonamble,3871,148.2916132,-30.87053565
New South Wales,12160,Cootamundra-Gundagai,11424,148.0941253,-34.85296219
New South Wales,12350,Cowra,12680,148.7179561,-33.7963704
New South Wales,12380,Cumberland,252399,150.9864653,-33.84213683
New South Wales,12390,Dubbo,56997,148.8544168,-32.42470375
New South Wales,12700,Dungog,9905,151.6082929,-32.34954786
New South Wales,12730,Edward River,8411,144.9414781,-35.17253127
New South Wales,12750,Eurobodalla,41142,149.9470547,-35.94514372
New South Wales,12850,Fairfield,212210,150.8954222,-33.8656217
New South Wales,12870,Federation,13075,146.2713721,-35.49704284
New South Wales,12900,Forbes,9295,147.8672079,-33.42161871
New South Wales,12930,Georges River,161593,151.0863636,-33.97101884
New South Wales,12950,Gilgandra,4305,148.69074,-31.6190137
New South Wales,13010,Glen Innes Severn,8978,151.9030483,-29.64497375
New South Wales,13310,Goulburn Mulwaree,33112,149.8134969,-34.87602676
New South Wales,13340,Greater Hume,11582,147.171835,-35.75025981
New South Wales,13450,Griffith,27340,146.003594,-34.30039735
New South Wales,13550,Gunnedah,13392,150.1888956,-31.04653288
New South Wales,13660,Gwydir,4893,150.5168155,-29.59346827
New South Wales,13800,Hawkesbury,68704,150.7732475,-33.33476612
New South Wales,13850,Hay,2861,144.6837063,-34.3158489
New South Wales,13910,Hilltops,19300,148.5009632,-34.35199699
New South Wales,14000,Hornsby,154834,151.0894197,-33.58391774
New South Wales,14100,Hunters Hill,14062,151.1451344,-33.83333915
New South Wales,14170,Inner West,190939,151.1549154,-33.89132193
New South Wales,14220,Inverell,18080,151.0751814,-29.41883717
New South Wales,14300,Junee,6458,147.6688825,-34.81719376
New South Wales,14350,Kempsey,31718,152.6447387,-30.95153403
New South Wales,14400,Kiama,23173,150.7562296,-34.67885793
New South Wales,14500,Ku-ring-gai,128362,151.1509137,-33.73459751
New South Wales,14550,Kyogle,9582,152.7755818,-28.61778114
New South Wales,14600,Lachlan,6113,146.989714,-32.92009535
New South Wales,14650,Lake Macquarie,221859,151.5301876,-33.03884444
New South Wales,14700,Lane Cove,42566,151.1669008,-33.81998082
New South Wales,14750,Leeton,11438,146.3020884,-34.53235693
New South Wales,14850,Lismore,43783,153.2706614,-28.75616218
New South Wales,14870,Lithgow,20740,150.1789617,-33.27766196
New South Wales,14900,Liverpool,254905,150.8252125,-33.93595833
New South Wales,14920,Liverpool Plains,7670,150.438422,-31.55060702
New South Wales,14950,Lockhart,3474,146.775444,-35.33125993
New South Wales,15050,Maitland,98163,151.5497612,-32.71080108
New South Wales,15240,Mid-Coast,98582,152.0957634,-32.01530318
New South Wales,15270,Mid-Western,26214,149.7424263,-32.59379774
New South Wales,15300,Moree Plains,12816,149.628856,-29.2530114
New South Wales,15350,Mosman,29253,151.2446406,-33.82906902
New South Wales,15520,Murray River,13562,144.2116474,-35.32469776
New South Wales,15560,Murrumbidgee,3658,145.7293707,-34.94972132
New South Wales,15650,Muswellbrook,16817,150.6303015,-32.43991166
New South Wales,15700,Nambucca Valley,20986,152.7689436,-30.68754409
New South Wales,15750,Narrabri,12796,149.5648901,-30.35647853
New South Wales,15800,Narrandera,5687,146.5796882,-34.61124649
New South Wales,15850,Narromine,6432,148.0655611,-32.22607615
New South Wales,15900,Newcastle,176860,151.6956984,-32.88004422
New South Wales,15950,North Sydney,72909,151.2118688,-33.83294407
New South Wales,15990,Northern Beaches,270772,151.2496758,-33.69022404
New South Wales,16100,Oberon,5604,149.8114064,-33.8832786
New South Wales,16150,Orange,44610,149.1203795,-33.32464865
New South Wales,16200,Parkes,14236,147.9614288,-32.8809984
New South Wales,16260,Parramatta,274956,151.0293126,-33.79933045
New South Wales,16350,Penrith,228661,150.7180761,-33.76535957
New South Wales,16380,Port Macquarie-Hastings,90835,152.5312165,-31.4097479
New South Wales,16400,Port Stephens,78906,151.8447276,-32.72178253
New South Wales,16490,Queanbeyan-Palerang,66855,149.6271766,-35.4227418
New South Wales,16550,Randwick,144598,151.2402149,-33.94322625
New South Wales,16610,Richmond Valley,23892,153.0462874,-29.05961479
New South Wales,16700,Ryde,139047,151.1105678,-33.79912609
New South Wales,16900,Shellharbour,81566,150.7738739,-34.58267962
New South Wales,16950,Shoalhaven,110803,150.3733167,-35.09441397
New South Wales,17000,Singleton,25639,150.9645387,-32.66036577
New South Wales,17040,Snowy Monaro,22292,148.9588738,-36.39646235
New South Wales,17080,Snowy Valleys,14955,148.2492042,-35.73377205
New South Wales,17100,Strathfield,48495,151.0764426,-33.88041304
New South Wales,17150,Sutherland,238614,151.0510157,-34.07512759
New South Wales,17200,Sydney,237278,151.2027615,-33.88944239
New South Wales,17310,Tamworth,65908,150.9070639,-30.89250423
New South Wales,17350,Temora,6023,147.4836622,-34.38792659
New South Wales,17400,Tenterfield,7081,152.0863957,-28.9438106
New South Wales,17420,The Hills,215612,150.9620396,-33.58824784
New South Wales,17550,Tweed,99793,153.356297,-28.35997061
New South Wales,17620,Upper Hunter,14408,150.7265271,-31.96924253
New South Wales,17640,Upper Lachlan,8875,149.4556751,-34.41770949
New South Wales,17650,Uralla,6096,151.312335,-30.5076629
New South Wales,17750,Wagga Wagga,68951,147.3663568,-35.19660368
New South Wales,17850,Walcha,2990,151.7845344,-31.16388934
New South Wales,17900,Walgett,5497,148.1944595,-29.81666488
New South Wales,17950,Warren,2593,147.6798502,-31.32563982
New South Wales,18020,Warrumbungle,9239,149.4053985,-31.46279395
New South Wales,18050,Waverley,72857,151.2668515,-33.89003827
New South Wales,18100,Weddin,3608,148.0112492,-33.87190036
New South Wales,18200,Wentworth,7804,142.2428975,-33.57019715
New South Wales,18250,Willoughby,79634,151.196376,-33.80108572
New South Wales,18350,Wingecarribee,53552,150.3562646,-34.47692414
New South Wales,18400,Wollondilly,59782,150.4438006,-34.10192822
New South Wales,18450,Wollongong,221894,150.8371458,-34.36883817
New South Wales,18500,Woollahra,55175,151.2573974,-33.87168279
New South Wales,18710,Yass Valley,17647,148.884994,-34.95416755
New South Wales,19399,Unincorporated NSW,984,142.2157941,-30.65452348
Victoria,20110,Alpine,13199,146.9741773,-36.85355584
Victoria,20260,Ararat,11686,142.8431973,-37.47269577
Victoria,20570,Ballarat,121050,143.7814768,-37.49284032
Victoria,20660,Banyule,131931,145.0851468,-37.73042782
Victoria,20740,Bass Coast,43557,145.5580614,-38.5072755
Victoria,20830,Baw Baw,61905,146.1315084,-37.98398605
Victoria,20910,Bayside Vic.,106118,145.0181599,-37.9418259
Victoria,21010,Benalla,14635,146.0237675,-36.58698987
Victoria,21110,Boroondara,178008,145.063095,-37.81927311
Victoria,21180,Brimbank,198152,144.8033167,-37.74753977
Victoria,21270,Buloke,5956,143.0048505,-35.91243798
Victoria,21370,Campaspe,38153,144.7164188,-36.34516565
Victoria,21450,Cardinia,130383,145.5726911,-38.08300067
Victoria,21610,Casey,405415,145.3090168,-38.10433703
Victoria,21670,Central Goldfields,13704,143.7138469,-37.00714921
Victoria,21750,Colac Otway,22300,143.5951879,-38.45194766
Victoria,21830,Corangamite,15846,143.1986574,-38.20431004
Victoria,21890,Darebin,159963,145.0143391,-37.73344545
Victoria,22110,East Gippsland,49422,148.2916948,-37.3780255
Victoria,22170,Frankston,144615,145.1738047,-38.13459505
Victoria,22250,Gannawarra,10404,143.803977,-35.75152038
Victoria,22310,Glen Eira,161057,145.0426085,-37.90119267
Victoria,22410,Glenelg,20007,141.3857204,-37.87048377
Victoria,22490,Golden Plains,26337,143.8425172,-37.88205198
Victoria,22620,Greater Bendigo,125805,144.422652,-36.73442798
Victoria,22670,Greater Dandenong,167298,145.190015,-38.00557619
Victoria,22750,Greater Geelong,289565,144.4171684,-38.06894547
Victoria,22830,Greater Shepparton,69874,145.3862051,-36.3969814
Victoria,22910,Hepburn,16824,144.0575666,-37.31692383
Victoria,22980,Hindmarsh,5464,141.7525608,-36.05150462
Victoria,23110,Hobsons Bay,95633,144.8297636,-37.85470745
Victoria,23190,Horsham,20376,142.0904566,-36.82573189
Victoria,23270,Hume,271709,144.8245403,-37.58916906
Victoria,23350,Indigo,17788,146.7229556,-36.22550506
Victoria,23430,Kingston Vic.,166521,145.1050782,-37.98857038
Victoria,23670,Knox,163302,145.2586756,-37.88896911
Victoria,23810,Latrobe Vic.,78845,146.4381407,-38.27455149
Victoria,23940,Loddon,7755,143.8671486,-36.36389212
Victoria,24130,Macedon Ranges,53738,144.6166196,-37.33565454
Victoria,24210,Manningham,131761,145.1885667,-37.7615772
Victoria,24250,Mansfield,10782,146.2068415,-37.20041398
Victoria,24330,Maribyrnong,94251,144.8777782,-37.79525424
Victoria,24410,Maroondah,119354,145.2652673,-37.80485918
Victoria,24600,Melbourne,189381,144.9437721,-37.81064089
Victoria,24650,Melton,219697,144.6259878,-37.69299244
Victoria,24700,Merri-bek,186534,144.9488939,-37.72990539
Victoria,24780,Mildura,57626,141.6828832,-34.86921778
Victoria,24850,Mitchell,56384,145.0016112,-37.13751729
Victoria,24900,Moira,30836,145.5503592,-36.06189272
Victoria,24970,Monash,209268,145.1440394,-37.89712832
Victoria,25060,Moonee Valley,129732,144.8957676,-37.74948675
Victoria,25150,Moorabool,39814,144.2156565,-37.63276192
Victoria,25340,Mornington Peninsula,171450,145.0352951,-38.3416772
Victoria,25430,Mount Alexander,20799,144.1929428,-37.05077703
Victoria,25490,Moyne,17717,142.490042,-38.12244097
Victoria,25620,Murrindindi,15603,145.6301112,-37.31096792
Victoria,25710,Nillumbik,63693,145.2368103,-37.62290148
Victoria,25810,Northern Grampians,11808,142.9196494,-36.8446157
Victoria,25900,Port Phillip,112669,144.9660282,-37.85189569
Victoria,25990,Pyrenees,7958,143.3750473,-37.31644467
Victoria,26080,Queenscliffe,3302,144.6477213,-38.26426712
Victoria,26170,South Gippsland,31022,146.0759975,-38.62136402
Victoria,26260,Southern Grampians,16525,142.0331004,-37.53651999
Victoria,26350,Stonnington,114038,145.0336628,-37.85794167
Victoria,26430,Strathbogie,11739,145.4349235,-36.76031831
Victoria,26490,Surf Coast,39928,144.0531281,-38.31228857
Victoria,26610,Swan Hill,21094,143.1254814,-35.12019035
Victoria,26670,Towong,6237,147.5988585,-36.35442129
Victoria,26700,Wangaratta,30169,146.4283913,-36.58825585
Victoria,26730,Warrnambool,36150,142.5118202,-38.37143054
Victoria,26810,Wellington,46533,146.9193588,-37.89433872
Victoria,26890,West Wimmera,3913,141.2793538,-36.67556248
Victoria,26980,Whitehorse,183462,145.1550658,-37.83023536
Victoria,27070,Whittlesea,253204,145.0776986,-37.54719933
Victoria,27170,Wodonga,44824,146.8826158,-36.15049053
Victoria,27260,Wyndham,337009,144.6182584,-37.88663382
Victoria,27350,Yarra,100706,144.9985545,-37.80226766
Victoria,27450,Yarra Ranges,160137,145.6970424,-37.71426326
Victoria,27630,Yarriambiack,6346,142.4190158,-35.99005082
Victoria,29399,Unincorporated Vic,964,145.8923688,-37.89936604
Queensland,30250,Aurukun,1163,141.8284547,-13.60936341
Queensland,30300,Balonne,4356,148.1161527,-28.31590632
Queensland,30370,Banana,15053,149.9387102,-24.93515404
Queensland,30410,Barcaldine,2917,145.6934281,-23.11367382
Queensland,30450,Barcoo,317,142.2674676,-25.13105769
Queensland,30760,Blackall Tambo,1969,145.7912629,-24.78561714
Queensland,30900,Boulia,479,139.2464472,-22.48043253
Queensland,31000,Brisbane,1355640,153.0390093,-27.43782844
Queensland,31750,Bulloo,347,142.5948591,-28.02128038
Queensland,31820,Bundaberg,106146,152.0357733,-24.96780314
Queensland,31900,Burdekin,17204,147.2431128,-19.82356964
Queensland,31950,Burke,444,138.9477599,-18.03136329
Queensland,32080,Cairns,178104,145.8190086,-17.16014553
Queensland,32250,Carpentaria,2229,141.3647539,-17.44438359
Queensland,32260,Cassowary Coast,30390,145.92598,-17.95953815
Queensland,32270,Central Highlands Qld,29336,148.4158189,-24.03144396
Queensland,32310,Charters Towers,12040,145.7882104,-20.14884943
Queensland,32330,Cherbourg,1281,151.9359993,-26.28879588
Queensland,32450,Cloncurry,3882,140.2647705,-20.8176909
Queensland,32500,Cook,4824,143.2596705,-14.23595571
Queensland,32600,Croydon,270,142.216809,-18.55408611
Queensland,32750,Diamantina,271,139.7319896,-24.63024843
Queensland,32770,Doomadgee,1473,138.7809613,-17.59651504
Queensland,32810,Douglas,13071,145.2867046,-16.22202752
Queensland,33100,Etheridge,727,143.6604129,-18.50460759
Queensland,33200,Flinders Qld,1552,144.3217349,-20.97386691
Queensland,33220,Fraser Coast,120685,152.6767378,-25.5278892
Queensland,33360,Gladstone,68065,151.3070374,-24.17631045
Queensland,33430,Gold Coast,681389,153.318477,-27.98048867
Queensland,33610,Goondiwindi,10495,150.3398999,-28.37367139
Queensland,33620,Gympie,57449,152.4636414,-26.14702486
Queensland,33800,Hinchinbrook,11162,146.0476164,-18.66188174
Queensland,33830,Hope Vale,1053,145.1915743,-15.16773708
Queensland,33960,Ipswich,259886,152.6674687,-27.66560289
Queensland,33980,Isaac,23197,147.8918588,-22.23808852
Queensland,34420,Kowanyama,1151,141.8105716,-15.31951433
Queensland,34530,Livingstone,42849,150.1934812,-22.79597139
Queensland,34570,Lockhart River,688,143.2402995,-13.00532815
Queensland,34580,Lockyer Valley,45054,152.2405583,-27.64271723
Queensland,34590,Logan,392339,153.040213,-27.76238353
Queensland,34710,Longreach,3758,143.9593264,-23.71812058
Queensland,34770,Mackay,128361,148.8042501,-21.13907887
Queensland,34800,McKinlay,852,141.586972,-20.53398409
Queensland,34830,Mapoon,485,141.9198069,-12.14170327
Queensland,34860,Maranoa,13371,148.2876989,-26.54427082
Queensland,34880,Mareeba,24003,143.9551793,-16.98472377
Queensland,35010,Moreton Bay,522494,152.8831262,-27.11798049
Queensland,35250,Mornington,1087,139.4013201,-16.63181963
Queensland,35300,Mount Isa,18788,138.7822313,-19.95389435
Queensland,35600,Murweh,3992,146.4894831,-26.18966643
Queensland,35670,Napranum,943,142.112448,-12.51575439
Queensland,35740,Noosa,59274,152.9455822,-26.32484164
Queensland,35760,North Burnett,10482,151.2041733,-25.35527083
Queensland,35780,Northern Peninsula Area,2928,142.3128985,-11.00490266
Queensland,35790,Palm Island,2287,146.6002599,-18.73134774
Queensland,35800,Paroo,1729,145.771318,-28.07295441
Queensland,36070,Pormpuraaw,647,141.8074056,-14.71939315
Queensland,36150,Quilpie,709,143.8934456,-26.34881661
Queensland,36250,Redland,170225,153.3608489,-27.56858597
Queensland,36300,Richmond,788,142.9010645,-20.54064204
Queensland,36370,Rockhampton,85334,150.2184274,-23.44113073
Queensland,36510,Scenic Rim,46036,152.7962128,-28.06232703
Queensland,36580,Somerset,26579,152.4252195,-27.00892398
Queensland,36630,South Burnett,34745,151.6469319,-26.40520815
Queensland,36660,Southern Downs,37820,151.8857994,-28.40543228
Queensland,36720,Sunshine Coast,375328,152.898358,-26.69616884
Queensland,36820,Tablelands,27630,145.3305418,-17.93077946
Queensland,36910,Toowoomba,184377,151.5338991,-27.58197961
Queensland,36950,Torres,3495,142.4122844,-10.73114804
Queensland,36960,Torres Strait Island,4289,142.3656044,-9.859100391
Queensland,37010,Townsville,204541,146.7116773,-19.39081993
Queensland,37300,Weipa,4281,141.8797781,-12.63962906
Queensland,37310,Western Downs,35285,150.3476621,-26.84176308
Queensland,37340,Whitsunday,40744,147.7247077,-20.70092667
Queensland,37400,Winton,1141,142.4245054,-22.53913132
Queensland,37550,Woorabinda,1098,149.5255523,-23.9439385
Queensland,37570,Wujal Wujal,301,145.3132,-15.96828995
Queensland,37600,Yarrabah,2659,145.8971672,-16.99452622
South Australia,40070,Adelaide,29118,138.5989198,-34.92196944
South Australia,40120,Adelaide Hills,42368,138.8362364,-34.89281023
South Australia,40150,Adelaide Plains,11302,138.4546843,-34.48060854
South Australia,40220,Alexandrina,30887,138.8783592,-35.35190045
South Australia,40250,Anangu Pitjantjatjara Yankunytjatjara,2654,131.205736,-27.07760647
South Australia,40310,Barossa,26590,139.0016896,-34.62105085
South Australia,40430,Barunga West,2672,137.956344,-33.79895351
South Australia,40520,Berri Barmera,10747,140.4889127,-34.26584096
South Australia,40700,Burnside,47810,138.6598744,-34.93996283
South Australia,40910,Campbelltown SA,57988,138.6822409,-34.88371228
South Australia,41010,Ceduna,3744,133.8724284,-32.102098
South Australia,41060,Charles Sturt,129196,138.5236183,-34.89035156
South Australia,41140,Clare and Gilbert Valleys,9417,138.7359767,-34.0039566
South Australia,41190,Cleve,1757,136.2847581,-33.65029606
South Australia,41330,Coober Pedy,1526,134.752361,-29.01584485
South Australia,41560,Copper Coast,16299,137.7289658,-33.98337913
South Australia,41750,Elliston,1053,135.3446152,-33.5615395
South Australia,41830,Flinders Ranges,1671,138.3011982,-32.07561036
South Australia,41960,Franklin Harbour,1359,136.9644154,-33.53428956
South Australia,42030,Gawler,27182,138.7298892,-34.62211328
South Australia,42110,Goyder,4135,139.0740824,-33.64595766
South Australia,42250,Grant,9140,140.7247508,-37.84608573
South Australia,42600,Holdfast Bay,39308,138.5213172,-35.00113048
South Australia,42750,Kangaroo Island,5167,137.239777,-35.82780576
South Australia,43080,Karoonda East Murray,1026,140.0201019,-34.95049152
South Australia,43220,Kimba,1064,136.143807,-33.00267969
South Australia,43360,Kingston SA,2406,140.0255165,-36.64350229
South Australia,43650,Light,17028,138.8465015,-34.41109207
South Australia,43710,Lower Eyre Peninsula,6237,135.5970862,-34.41244325
South Australia,43790,Loxton Waikerie,11949,140.3516278,-34.50821534
South Australia,44000,Maralinga Tjarutja,102,130.9624736,-29.34982767
South Australia,44060,Marion,99821,138.5397035,-35.0324695
South Australia,44210,Mid Murray,9593,139.4613941,-34.4502073
South Australia,44340,Mitcham,70484,138.6217573,-35.00386214
South Australia,44550,Mount Barker,43619,138.8750116,-35.08579581
South Australia,44620,Mount Gambier,27888,140.7816891,-37.82533181
South Australia,44830,Mount Remarkable,2873,138.2051203,-32.75827088
South Australia,45040,Murray Bridge,23257,139.3017901,-35.15930508
South Australia,45090,Naracoorte Lucindale,8901,140.5473223,-36.97726086
South Australia,45120,Northern Areas,4667,138.511427,-33.28639552
South Australia,45290,Norwood Payneham and St Peters,40062,138.6364569,-34.90756033
South Australia,45340,Onkaparinga,182821,138.5688598,-35.17867452
South Australia,45400,Orroroo Carrieton,890,138.6393612,-32.52075544
South Australia,45540,Peterborough,1682,139.0596484,-32.86410899
South Australia,45680,Playford,111135,138.6629738,-34.68887575
South Australia,45890,Port Adelaide Enfield,141042,138.5615149,-34.84069847
South Australia,46090,Port Augusta,14453,137.7511781,-32.5911232
South Australia,46300,Port Lincoln,15037,135.8511361,-34.72920758
South Australia,46450,Port Pirie,17637,138.1059398,-33.37682876
South Australia,46510,Prospect,23309,138.5979431,-34.88398354
South Australia,46670,Renmark Paringa,10173,140.8141216,-34.18226093
South Australia,46860,Robe,1611,139.9794493,-37.18767075
South Australia,46970,Roxby Downs,4089,136.8811864,-30.5543722
South Australia,47140,Salisbury,150272,138.6113066,-34.77264545
South Australia,47290,Southern Mallee,2012,140.5743585,-35.39390718
South Australia,47490,Streaky Bay,2278,134.5640365,-32.70890336
South Australia,47630,Tatiara,7071,140.584449,-36.22790792
South Australia,47700,Tea Tree Gully,104437,138.7180482,-34.80514807
South Australia,47800,Coorong,5614,139.7613185,-35.71379474
South Australia,47910,Tumby Bay,2948,136.0197055,-34.17932039
South Australia,47980,Unley,40327,138.6040395,-34.95478367
South Australia,48050,Victor Harbor,17124,138.5461687,-35.51277636
South Australia,48130,Wakefield,6985,138.3565123,-33.9914318
South Australia,48260,Walkerville,8562,138.6171167,-34.8927723
South Australia,48340,Wattle Range,12319,140.5188705,-37.47039707
South Australia,48410,West Torrens,65738,138.5438194,-34.94141751
South Australia,48540,Whyalla,21864,137.4943444,-33.03730554
South Australia,48640,Wudinna,1168,135.3146462,-33.02865043
South Australia,48750,Yankalilla,6186,138.3371004,-35.51857873
South Australia,48830,Yorke Peninsula,12150,137.5599497,-34.68369773
South Australia,49399,Unincorporated SA,3010,136.7745898,-29.5880273
Western Australia,50080,Albany,41545,118.1825849,-34.73911808
Western Australia,50210,Armadale,109218,116.1369888,-32.16751857
Western Australia,50250,Ashburton,8179,116.726255,-22.49363583
Western Australia,50280,Augusta Margaret River,19410,115.2278015,-34.03086388
Western Australia,50350,Bassendean,17145,115.9452318,-31.90383413
Western Australia,50420,Bayswater,75981,115.9078277,-31.90377552
Western Australia,50490,Belmont,47377,115.9483285,-31.95622026
Western Australia,50560,Beverley,1795,116.7965899,-32.17465105
Western Australia,50630,Boddington,1808,116.3999008,-32.81628288
Western Australia,50770,Boyup Brook,1959,116.5240409,-33.89175425
Western Australia,50840,Bridgetown-Greenbushes,5797,116.1910009,-34.00376755
Western Australia,50910,Brookton,962,117.0030997,-32.36198187
Western Australia,50980,Broome,18870,122.4636889,-18.67020478
Western Australia,51080,Broomehill-Tambellup,1101,117.6613291,-34.00249638
Western Australia,51120,Bruce Rock,1066,118.0286404,-31.95257604
Western Australia,51190,Bunbury,35174,115.6644049,-33.35163319
Western Australia,51260,Busselton,45003,115.3488707,-33.71843065
Western Australia,51310,Cambridge,32006,115.7864101,-31.93626527
Western Australia,51330,Canning,106944,115.9163617,-32.03688123
Western Australia,51400,Capel,19701,115.6357307,-33.53233722
Western Australia,51470,Carnamah,586,115.5778415,-29.77320988
Western Australia,51540,Carnarvon,5599,114.3910375,-24.34995148
Western Australia,51610,Chapman Valley,1698,115.0591367,-28.3223635
Western Australia,51680,Chittering,6753,116.0783468,-31.37438131
Other Territories,51710,Christmas Island,1865,105.6364804,-10.48534277
Western Australia,51750,Claremont,12671,115.7799868,-31.98013571
Western Australia,51820,Cockburn,135149,115.7929019,-32.11426741
Other Territories,51860,Cocos Islands,625,96.86227327,-12.1345674
Western Australia,51890,Collie,9408,116.2115768,-33.28354138
Western Australia,51960,Coolgardie,3779,120.9644729,-31.18677181
Western Australia,52030,Coorow,1125,115.759226,-30.02160291
Western Australia,52100,Corrigin,1039,117.7990397,-32.35835324
Western Australia,52170,Cottesloe,8967,115.7585068,-31.99398984
Western Australia,52240,Cranbrook,1152,117.2858834,-34.31480507
Western Australia,52310,Cuballing,955,117.1591847,-32.73539595
Western Australia,52380,Cue,229,117.9400509,-27.31080713
Western Australia,52450,Cunderdin,1316,117.1557303,-31.59956797
Western Australia,52520,Dalwallinu,1466,116.9447648,-30.12523333
Western Australia,52590,Dandaragan,3921,115.5060806,-30.53960031
Western Australia,52660,Dardanup,15930,115.8519255,-33.4154116
Western Australia,52730,Denmark,6707,117.1188389,-34.89047114
Western Australia,52800,Derby-West Kimberley,8536,124.9775171,-17.79104274
Western Australia,52870,Donnybrook-Balingup,6584,115.9735489,-33.66953968
Western Australia,52940,Dowerin,740,117.1112786,-31.10764289
Western Australia,53010,Dumbleyung,708,117.9645379,-33.22448796
Western Australia,53080,Dundas,723,124.4179531,-32.01131504
Western Australia,53150,East Fremantle,8361,115.7681782,-32.03792684
Western Australia,53220,East Pilbara,10403,123.5964967,-21.76844889
Western Australia,53290,Esperance,14558,122.2502913,-33.2219589
Western Australia,53360,Exmouth,3566,114.1670215,-22.5216767
Western Australia,53430,Fremantle,36349,115.7661375,-32.05742523
Western Australia,53570,Gingin,6348,115.6991847,-31.19156662
Western Australia,53640,Gnowangerup,1271,118.2887525,-34.0621217
Western Australia,53710,Goomalling,992,116.7847583,-31.24282755
Western Australia,53780,Gosnells,141279,115.9921475,-32.06621838
Western Australia,53800,Greater Geraldton,42322,115.497159,-28.56153448
Western Australia,53920,Halls Creek,4213,127.6168044,-19.25809746
Western Australia,53990,Harvey,31495,115.9125063,-33.10109142
Western Australia,54060,Irwin,3864,115.0918219,-29.32602862
Western Australia,54130,Jerramungup,1217,119.1011888,-34.07058258
Western Australia,54170,Joondalup,173469,115.7667095,-31.78348465
Western Australia,54200,Kalamunda,63827,116.1227741,-32.01223167
Western Australia,54280,Kalgoorlie-Boulder,30991,125.051329,-30.74940817
Western Australia,54310,Karratha,24716,117.0360127,-21.04928372
Western Australia,54340,Katanning,4294,117.6842269,-33.64828696
Western Australia,54410,Kellerberrin,1159,117.8145362,-31.58233235
Western Australia,54480,Kent,526,118.5722459,-33.55081583
Western Australia,54550,Kojonup,1965,117.0480225,-33.90762314
Western Australia,54620,Kondinin,862,119.1848094,-32.42730359
Western Australia,54690,Koorda,373,117.4254718,-30.59047808
Western Australia,54760,Kulin,800,118.5761165,-32.7175066
Western Australia,54830,Kwinana,54672,115.8286728,-32.22767681
Western Australia,54900,Lake Grace,1319,119.2875387,-33.05988361
Western Australia,54970,Laverton,1444,125.4016742,-27.89110072
Western Australia,55040,Leonora,1737,121.1453758,-28.21231428
Western Australia,55110,Mandurah,102922,115.6829348,-32.63378256
Western Australia,55180,Manjimup,9523,116.325689,-34.55712676
Western Australia,55250,Meekatharra,1286,118.8640226,-25.14009678
Western Australia,55320,Melville,113404,115.8293989,-32.04743322
Western Australia,55390,Menzies,577,123.971107,-29.57509547
Western Australia,55460,Merredin,3335,118.3593591,-31.51531423
Western Australia,55530,Mingenew,421,115.4842599,-29.15818577
Western Australia,55600,Moora,2432,116.1854543,-30.49804477
Western Australia,55670,Morawa,686,116.0170978,-29.06690607
Western Australia,55740,Mosman Park,10281,115.7655565,-32.014791
Western Australia,55810,Mount Magnet,696,117.9764186,-28.23805208
Western Australia,55880,Mount Marshall,466,117.962188,-30.18375265
Western Australia,55950,Mukinbudin,603,118.3111461,-30.62994002
Western Australia,56090,Mundaring,42327,116.2516422,-31.89992339
Western Australia,56160,Murchison,105,116.2997643,-26.75183303
Western Australia,56230,Murray,20563,115.9894423,-32.62364926
Western Australia,56300,Nannup,1675,115.663907,-34.12842249
Western Australia,56370,Narembeen,848,118.6538585,-32.04710219
Western Australia,56460,Narrogin,5029,117.26226,-32.99536466
Western Australia,56580,Nedlands,25104,115.7895883,-31.97243617
Western Australia,56620,Ngaanyatjarraku,1482,126.835295,-25.09485756
Western Australia,56730,Northam,12416,116.6360066,-31.68593389
Western Australia,56790,Northampton,3382,114.6459242,-27.75306615
Western Australia,56860,Nungarin,258,118.2080985,-31.14938033
Western Australia,56930,Peppermint Grove,1782,115.7671534,-31.99931982
Western Australia,57000,Perenjori,659,116.6114266,-29.44392715
Western Australia,57080,Perth,34624,115.8465652,-31.96015785
Western Australia,57140,Pingelly,1091,117.222057,-32.51994563
Western Australia,57210,Plantagenet,5734,117.5619796,-34.59720553
Western Australia,57280,Port Hedland,17448,118.6732132,-20.92910947
Western Australia,57350,Quairading,967,117.4234502,-32.00480222
Western Australia,57420,Ravensthorpe,2280,120.1386087,-33.61618205
Western Australia,57490,Rockingham,154132,115.7890075,-32.34416914
Western Australia,57630,Sandstone,115,119.1731227,-28.33590086
Western Australia,57700,Serpentine-Jarrahdale,38631,116.0343417,-32.3442424
Western Australia,57770,Shark Bay,1164,114.5251445,-26.53670672
Western Australia,57840,South Perth,47909,115.8700255,-31.99784367
Western Australia,57910,Stirling,249872,115.8196376,-31.88567985
Western Australia,57980,Subiaco,19452,115.8187296,-31.95200953
Western Australia,58050,Swan,179207,116.0674232,-31.74126392
Western Australia,58190,Tammin,401,117.4950013,-31.60666279
Western Australia,58260,Three Springs,600,115.5773263,-29.52575392
Western Australia,58330,Toodyay,5081,116.3806653,-31.47107928
Western Australia,58400,Trayning,306,117.8068836,-31.14399827
Western Australia,58470,Upper Gascoyne,201,116.3551213,-24.72657584
Western Australia,58510,Victoria Park,42352,115.9014807,-31.97970029
Western Australia,58540,Victoria Plains,834,116.3196045,-31.0143216
Western Australia,58570,Vincent,41479,115.8525553,-31.93127701
Western Australia,58610,Wagin,1825,117.3699396,-33.27668011
Western Australia,58680,Wandering,547,116.5812657,-32.54716935
Western Australia,58760,Wanneroo,237628,115.7629599,-31.61175146
Western Australia,58820,Waroona,4537,115.9201061,-32.85793894
Western Australia,58890,West Arthur,789,116.7393779,-33.45711674
Western Australia,59030,Westonia,246,118.6562573,-30.96756333
Western Australia,59100,Wickepin,710,117.6717722,-32.80695128
Western Australia,59170,Williams,1063,116.7280999,-33.07141364
Western Australia,59250,Wiluna,563,122.2450891,-25.3120145
Western Australia,59310,Wongan-Ballidu,1343,116.8426247,-30.71711733
Western Australia,59320,Woodanilling,490,117.3380729,-33.5336524
Western Australia,59330,Wyalkatchem,492,117.4352875,-31.18667559
Western Australia,59340,Wyndham-East Kimberley,8315,127.0516918,-15.55895885
Western Australia,59350,Yalgoo,353,117.0502834,-28.56515961
Western Australia,59360,Yilgarn,1212,119.3419952,-30.95733441
Western Australia,59370,York,3649,116.7354385,-31.92636627
Tasmania,60210,Break O'Day,7163,148.0498995,-41.42529505
Tasmania,60410,Brighton,20284,147.2609584,-42.7193278
Tasmania,60610,Burnie,20417,145.8061991,-41.21604475
Tasmania,60810,Central Coast Tas.,23350,146.0400287,-41.28123462
Tasmania,61010,Central Highlands Tas.,2588,146.6460634,-42.2123326
Tasmania,61210,Circular Head,8315,145.0146598,-41.07893565
Tasmania,61410,Clarence,63973,147.4341402,-42.83701346
Tasmania,61510,Derwent Valley,11436,146.4213618,-42.81295667
Tasmania,61610,Devonport,27030,146.3119047,-41.20868388
Tasmania,61810,Dorset,7013,147.7085196,-41.07210844
Tasmania,62010,Flinders Tas.,941,148.097854,-40.11935417
Tasmania,62210,George Town,7378,147.0260224,-41.10216543
Tasmania,62410,Glamorgan-Spring Bay,5283,147.9653516,-42.26916987
Tasmania,62610,Glenorchy,50743,147.2197731,-42.83932216
Tasmania,62810,Hobart,55977,147.2876133,-42.8978334
Tasmania,63010,Huon Valley,19742,146.5971598,-43.25141669
Tasmania,63210,Kentish,6859,146.1835198,-41.45395625
Tasmania,63410,King Island,1660,143.985486,-39.86380076
Tasmania,63610,Kingborough,41574,147.2623394,-43.18918532
Tasmania,63810,Latrobe Tas.,13158,146.5600268,-41.24397013
Tasmania,64010,Launceston,71616,147.3058198,-41.36062127
Tasmania,64210,Meander Valley,21579,146.4847868,-41.62664135
Tasmania,64610,Northern Midlands,14428,147.4601732,-41.84017397
Tasmania,64810,Sorell,17919,147.6961507,-42.77866697
Tasmania,65010,Southern Midlands,6973,147.4005557,-42.43454927
Tasmania,65210,Tasman,2722,147.8346572,-43.05467412
Tasmania,65410,Waratah-Wynyard,14905,145.4953862,-41.38322845
Tasmania,65610,West Coast,4339,145.6373243,-42.29817505
Tasmania,65810,West Tamar,26131,146.8644024,-41.28162857
Northern Territory,70200,Alice Springs,29693,133.8547769,-23.73505938
Northern Territory,70420,Barkly,7288,135.0847291,-19.44407459
Northern Territory,70540,Belyuen,167,130.6831892,-12.53817075
Northern Territory,70620,Central Desert,4128,132.4150167,-21.48980342
Northern Territory,70700,Coomalie,1410,131.0828628,-13.1257383
Northern Territory,71000,Darwin,86070,130.8870182,-12.39840065
Northern Territory,71150,Darwin Waterfront Precinct,309,130.8467209,-12.4692645
Northern Territory,71300,East Arnhem,10040,135.7455393,-12.93322994
Northern Territory,72200,Katherine,10857,132.1950906,-14.69015884
Northern Territory,72300,Litchfield,23940,131.1217921,-12.53743807
Northern Territory,72330,MacDonnell,6769,133.1615533,-24.63728263
Northern Territory,72800,Palmerston,41598,130.9714063,-12.49572272
Northern Territory,73600,Roper Gulf,7516,134.651192,-15.4348519
Northern Territory,74050,Tiwi Islands,2744,130.8163049,-11.55983157
Northern Territory,74550,Victoria Daly,3307,130.6586324,-16.24958442
Northern Territory,74560,Wagait,481,130.7497888,-12.44123692
Northern Territory,74660,West Arnhem,7467,133.2585221,-12.50804432
Northern Territory,74680,West Daly,3448,130.0603481,-14.22299345
Northern Territory,79399,Unincorporated NT,7837,131.1873738,-13.11285134
Australian Capital Territory,89399,Unincorporated ACT,473855,149.0025009,-35.48869681
Other Territories,99399,Unincorp. Other Territories,2504,156.731706,-33.01264018
